{"cameraMode":{"drawMode":0,"name":"Shaded","section":"Shading Mode"},"sceneLighting":true,"audioPlay":false,"sceneViewState":{"showFog":true,"showMaterialUpdate":false,"showSkybox":true,"showFlares":true,"showImageEffects":true,"showParticleSystems":true,"showVisualEffectGraphs":true,"m_FxEnabled":true},"in2DMode":false,"pivot":{"x":-2.005812168121338,"y":13.441884994506836,"z":-17.701496124267579},"rotation":{"x":-0.3309323787689209,"y":0.10079719871282578,"z":-0.035584524273872378,"w":-0.9375925660133362},"size":26.938356399536134,"orthographic":false}